server_id,snapshot_index,cpu_usage,memory_usage,disk_usage,disk_read_mbps,disk_write_mbps,network_in_mbps,network_out_mbps,temperature_c,fan_speed_rpm,power_watts,error_count,uptime_hours,failure,failure_probability,risk_level,health_score
116,39,76.6,82.73,96.64,64.58,44.56,203.82,207.89,79.23,1593.0,315.13,8,3869.1,0,0.40563579806575845,Medium,59.4
99,39,50.11,58.55,87.31,72.85,130.2,218.76,149.52,41.84,3096.0,309.5,8,3937.7,0,0.1609832114958549,Low,83.9
5,39,49.1,19.16,28.39,119.58,78.14,153.32,168.41,54.75,2403.0,253.13,1,4393.0,0,0.18104782411264403,Low,81.9
142,39,34.33,23.47,69.52,89.22,108.11,209.41,163.58,55.97,2918.0,214.44,3,4609.9,1,0.8378671786712688,High,16.2
100,39,68.4,32.08,78.45,123.66,129.73,239.12,169.0,50.77,2925.0,248.12,0,2892.2,0,0.1407061237075929,Low,85.9
217,39,65.86,53.79,59.58,121.25,97.6,82.46,191.41,43.89,3437.0,259.26,3,3772.3,0,0.4474400255481332,Medium,55.3
22,39,56.81,36.26,88.9,130.69,43.74,112.76,125.93,64.25,3006.0,302.09,5,4804.0,0,0.23516193996187307,Low,76.5
121,39,39.35,64.2,41.73,169.8,61.07,241.43,241.76,47.34,2310.0,281.59,9,2702.3,1,0.24558647778722245,Low,75.4
25,39,64.56,89.79,68.64,97.89,103.63,202.22,133.83,74.19,2583.0,285.48,6,3059.2,1,0.21958419779507313,Low,78.0
117,39,69.38,82.23,77.38,74.12,52.23,190.82,85.2,75.32,2065.0,299.39,9,1838.9,1,0.20519842338570446,Low,79.5
221,39,39.19,16.81,53.11,101.72,57.74,198.52,152.21,53.72,3226.0,252.09,1,4303.6,0,0.18930842754052843,Low,81.1
98,39,89.06,82.33,73.74,57.64,67.42,210.75,167.95,78.29,2774.0,305.35,8,1836.1,1,0.4721464597249117,Medium,52.8
20,39,74.56,77.17,78.12,100.09,96.89,134.32,161.01,64.76,2122.0,295.4,5,2446.2,0,0.14525297374366525,Low,85.5
97,39,46.73,34.6,48.55,124.85,80.52,194.49,262.61,42.08,2705.0,264.24,3,3609.4,0,0.7495006456880502,High,25.0
6,39,75.28,92.77,57.15,61.34,27.41,166.42,145.91,55.38,2685.0,286.48,4,3996.2,0,0.7972684961649553,High,20.3
21,39,43.75,38.29,61.77,102.77,77.25,170.42,134.73,52.93,3094.0,237.76,6,2717.7,1,0.592998501638957,Medium,40.7
216,39,57.1,87.19,46.81,104.64,57.79,168.16,144.2,54.91,2609.0,258.68,4,3660.1,0,0.43232814845840395,Medium,56.8
270,39,56.63,47.47,62.84,134.09,99.68,228.81,168.67,48.01,2558.0,255.39,1,3349.3,0,0.5019917696357867,Medium,49.8
141,39,73.39,78.72,68.79,112.22,71.48,203.57,112.06,70.9,2106.0,335.23,10,2107.9,1,0.23305605363763818,Low,76.7
122,39,41.38,58.4,57.32,107.36,91.85,149.38,166.7,47.78,3365.0,262.24,2,3841.4,0,0.7211380538481866,High,27.9
120,39,53.79,48.57,65.19,151.08,114.08,255.54,120.0,49.28,3098.0,247.41,3,3568.8,0,0.35679908941194116,Medium,64.3
123,39,32.67,50.0,72.89,113.65,106.39,99.29,112.46,60.73,2845.0,265.39,6,4700.6,1,0.459777064372911,Medium,54.0
219,39,63.81,83.44,84.67,72.84,83.53,191.77,147.41,63.34,2914.0,282.36,3,4323.8,0,0.18195974240765672,Low,81.8
275,39,54.53,62.1,54.08,84.69,97.08,148.59,190.08,48.86,2536.0,266.94,5,3312.8,0,0.7101098343793926,High,29.0
264,39,48.54,55.91,47.6,93.09,73.19,201.33,171.09,52.53,3024.0,261.55,1,3481.3,0,0.8197788329230457,High,18.0
294,39,57.1,68.04,82.43,89.57,80.31,142.65,173.02,54.2,2568.0,275.1,7,5111.1,0,0.8411181913382163,High,15.9
118,39,59.2,60.96,99.29,142.07,62.15,84.61,208.22,78.44,2920.0,284.34,7,2281.0,1,0.6993460707181578,High,30.1
140,39,62.14,15.08,74.47,136.44,96.96,183.41,202.75,57.41,2156.0,258.64,5,5245.9,0,0.7983391159518104,High,20.2
218,39,54.82,100.0,48.44,110.32,75.62,223.67,137.85,58.79,2736.0,273.02,6,4759.1,0,0.5851975655849025,Medium,41.5
127,39,44.01,24.61,69.38,122.76,123.14,203.37,114.79,42.57,3503.0,263.18,3,4868.8,0,0.8191403678959774,High,18.1
15,39,83.01,55.9,55.92,114.99,36.18,179.84,206.82,79.95,2548.0,314.65,7,2518.4,0,0.12820023090804747,Low,87.2
13,39,50.46,38.82,43.28,147.16,103.71,152.06,165.78,38.86,2896.0,254.66,3,5533.6,0,0.23652534295332078,Low,76.3
243,39,67.4,77.65,67.07,97.03,44.94,164.97,162.7,54.41,2484.0,254.42,11,4054.0,0,0.7238439509834368,High,27.6
110,39,52.84,47.96,70.13,95.06,95.45,189.21,199.05,65.46,2909.0,235.37,4,5801.9,0,0.163168504324915,Low,83.7
225,39,67.55,73.1,71.93,65.05,36.61,139.54,150.48,69.59,2846.0,318.15,5,3146.9,0,0.47052109729139874,Medium,52.9
224,39,50.14,23.15,71.65,106.21,148.33,241.59,156.76,55.81,3245.0,238.6,2,2117.2,0,0.3025433262668145,Medium,69.7
272,39,38.79,36.42,75.53,94.91,94.15,111.1,183.31,52.82,2389.0,286.44,3,4255.4,0,0.3632358130096106,Medium,63.7
223,39,39.32,42.52,54.74,79.12,113.5,190.57,153.93,56.79,3086.0,234.3,1,4600.1,0,0.1971479807729645,Low,80.3
12,39,50.94,61.72,67.3,114.62,105.18,188.29,191.45,59.76,2776.0,266.07,6,3094.4,0,0.8272743179054204,High,17.3
296,39,16.08,43.37,74.91,143.39,88.85,279.8,162.47,45.99,2809.0,264.07,0,3676.1,0,0.3842320397185914,Medium,61.6
128,39,44.1,74.38,70.06,86.89,59.9,121.95,110.98,55.0,1782.0,295.52,6,2588.6,0,0.6807458843928086,High,31.9
14,39,63.98,48.12,73.0,54.08,66.08,136.26,131.39,63.65,2187.0,319.62,10,4061.6,0,0.36709600831710487,Medium,63.3
105,39,56.94,18.31,68.83,64.73,72.84,200.45,119.73,45.0,2904.0,275.32,4,2439.9,1,0.670003185600541,High,33.0
129,39,35.23,54.59,84.83,117.16,66.63,194.72,57.35,66.26,2538.0,282.32,1,5313.2,0,0.1760370153566494,Low,82.4
104,39,51.7,35.21,82.0,85.88,101.82,164.75,187.83,59.13,2710.0,282.9,6,4167.6,1,0.17930475671282653,Low,82.1
267,39,50.28,48.88,77.99,113.31,101.81,194.62,126.93,51.66,3021.0,258.98,3,4326.1,0,0.19481022188194216,Low,80.5
265,39,53.29,68.12,70.54,21.67,58.83,253.58,244.34,50.93,2609.0,317.18,6,3245.3,0,0.8497627001141965,High,15.0
131,39,66.0,53.98,83.06,115.83,115.25,168.27,190.81,58.9,2602.0,244.52,2,3552.9,0,0.5953943740595663,Medium,40.5
10,39,34.2,43.2,59.53,94.25,97.67,289.26,163.15,50.38,3091.0,270.78,1,3401.6,0,0.8867828015225789,High,11.3
109,39,53.49,37.86,23.22,140.79,93.42,211.17,172.21,34.93,2783.0,240.06,2,4208.7,0,0.16180419649001698,Low,83.8
108,39,58.43,48.22,41.12,118.59,78.01,162.82,175.08,45.21,2686.0,284.55,8,2629.7,1,0.1046911844506214,Low,89.5
11,39,34.71,45.93,40.08,139.28,71.28,197.19,178.17,61.59,3119.0,243.4,1,2564.9,0,0.39220235379826973,Medium,60.8
266,39,51.71,47.24,67.81,133.24,92.79,173.84,237.74,49.72,3039.0,293.54,5,4538.0,0,0.422489687073237,Medium,57.8
226,39,100.0,100.0,84.94,79.51,98.67,128.93,152.52,65.8,2265.0,356.99,8,3816.5,1,0.5775627886804916,Medium,42.2
132,39,77.36,52.84,74.6,138.23,77.98,114.28,165.07,63.67,2462.0,271.89,5,2369.8,0,0.33924630105991677,Medium,66.1
227,39,73.1,76.39,85.25,59.99,98.75,180.98,80.75,79.28,2252.0,318.0,5,1618.8,0,0.2695397321949604,Low,73.0
111,39,44.59,56.43,52.76,107.23,90.79,260.32,156.56,66.24,3456.0,239.13,3,3690.4,0,0.7896992643081481,High,21.0
130,39,64.75,45.46,41.63,113.33,55.42,141.57,140.29,68.72,2588.0,261.75,3,3371.5,0,0.5377723804171359,Medium,46.2
228,39,89.46,77.65,54.22,101.53,87.51,227.0,144.91,71.74,2437.0,263.43,4,2307.1,0,0.13446795885651405,Low,86.6
107,39,60.58,43.09,42.22,90.46,124.93,133.31,191.22,60.43,2519.0,256.83,7,3681.3,1,0.6400350624671384,High,36.0
299,39,58.62,22.2,62.6,100.41,53.34,166.68,153.19,57.49,2732.0,264.63,2,3445.3,0,0.5473413336079667,Medium,45.3
242,39,68.33,47.02,64.94,95.53,63.58,158.75,228.58,49.55,2786.0,248.17,2,2113.7,0,0.12909308259854346,Low,87.1
106,39,65.92,53.33,82.2,85.25,65.41,214.82,159.04,48.28,1732.0,317.12,8,3416.9,0,0.20936074911757813,Low,79.1
16,39,55.78,73.16,49.1,75.86,114.77,179.41,185.53,61.58,2612.0,271.37,6,3156.0,0,0.6860485465978198,High,31.4
139,39,67.32,71.53,57.28,68.6,69.4,204.69,104.99,58.78,2109.0,299.49,7,3314.3,1,0.42294499703071053,Medium,57.7
239,39,40.6,73.33,73.61,76.18,117.02,268.29,182.89,69.18,2609.0,285.74,8,2667.8,0,0.8612879899715451,High,13.9
295,39,67.08,52.82,81.98,108.8,72.7,137.21,65.25,74.83,2587.0,302.02,5,2263.2,0,0.7182075157038271,High,28.2
300,39,60.19,68.53,50.1,36.86,92.74,129.48,190.6,57.46,2158.0,279.89,6,2160.0,1,0.22969502738603922,Low,77.0
17,39,69.65,72.99,74.31,144.4,91.13,102.39,168.01,57.47,2726.0,263.86,4,3788.4,0,0.8451862086750411,High,15.5
102,39,61.7,49.94,21.07,75.1,107.05,128.12,184.99,59.77,2380.0,292.22,1,2474.7,0,0.5481085001635371,Medium,45.2
4,39,63.08,63.22,44.88,69.31,73.28,199.32,115.05,77.68,2188.0,281.81,7,2935.3,1,0.585419917742379,Medium,41.5
101,39,34.92,38.46,47.92,88.15,92.0,140.86,204.29,52.68,3095.0,241.51,2,4249.1,0,0.5123071087057748,Medium,48.8
298,39,33.68,44.25,51.99,90.13,104.22,175.63,180.35,56.25,2794.0,271.8,2,2982.4,0,0.6506557434149177,High,34.9
220,39,26.3,38.41,43.02,104.48,98.09,209.73,139.24,48.05,2922.0,238.38,4,3572.9,0,0.24300099183735446,Low,75.7
232,39,41.11,11.19,38.61,114.22,119.13,170.51,160.08,41.11,2982.0,251.71,0,3318.6,0,0.6384635651387665,High,36.2
138,39,36.16,53.8,60.09,149.57,95.74,168.92,112.24,57.85,3231.0,283.83,4,3482.7,0,0.5055391024171312,Medium,49.4
137,39,72.13,40.07,40.99,72.4,124.75,245.78,129.63,49.42,2053.0,242.18,4,4489.8,0,0.4100110549425245,Medium,59.0
233,39,86.26,92.11,90.43,128.45,106.82,171.65,108.5,93.96,1876.0,306.95,14,2047.4,1,0.521094535623845,Medium,47.9
236,39,51.08,61.41,53.61,104.34,58.12,78.53,166.62,57.66,3062.0,267.92,0,1977.6,0,0.12258602143411994,Low,87.7
136,39,41.78,63.28,57.27,151.25,152.04,234.91,188.79,36.13,2819.0,296.75,2,2947.8,0,0.8380763440035659,High,16.2
234,39,42.29,57.07,52.89,126.16,95.88,129.2,169.01,54.96,2738.0,235.87,0,3374.3,0,0.577917930257674,Medium,42.2
274,39,45.74,55.15,50.85,99.42,85.94,142.18,189.46,56.88,2429.0,283.53,3,2712.1,0,0.4697927129322848,Medium,53.0
19,39,50.61,43.98,87.53,100.88,134.71,197.59,240.79,42.3,2931.0,251.43,4,3109.1,0,0.7205771929932174,High,27.9
135,39,74.28,58.66,47.9,116.07,71.63,199.92,168.77,54.65,2532.0,270.52,3,2929.3,0,0.30975902004953176,Medium,69.0
134,39,72.1,45.45,55.83,141.41,71.49,65.37,234.43,62.97,2906.0,281.05,5,3255.0,0,0.45993809594571256,Medium,54.0
112,39,74.78,48.68,25.54,115.77,121.08,200.82,123.09,51.55,3257.0,235.74,1,4564.3,0,0.555084487105869,Medium,44.5
133,39,61.38,63.9,42.22,104.37,101.65,122.94,168.77,62.53,2514.0,293.21,5,3236.8,0,0.6025005048786316,High,39.7
238,39,61.03,59.12,32.05,70.71,55.25,168.82,172.42,61.95,2398.0,282.57,4,2682.0,1,0.40176220578803923,Medium,59.8
273,39,64.21,63.35,62.73,97.68,90.92,181.85,175.94,52.9,2348.0,283.78,6,4048.2,0,0.8543883667697242,High,14.6
240,39,61.69,48.08,41.28,224.82,104.5,187.74,145.35,49.99,2551.0,238.79,2,1512.4,0,0.1054480435835928,Low,89.5
103,39,43.37,51.94,63.04,130.51,128.59,135.76,94.79,50.45,3255.0,292.89,3,3025.4,0,0.41359434293828046,Medium,58.6
235,39,45.87,43.53,59.89,85.26,103.9,298.27,145.73,52.58,2923.0,222.5,2,2737.9,0,0.6231341959652368,High,37.7
2,39,39.71,50.86,63.47,96.88,66.13,144.34,176.0,51.94,2630.0,260.48,1,4992.7,0,0.17254218781703037,Low,82.7
18,39,66.12,57.68,58.66,145.15,51.96,198.11,174.56,53.13,2281.0,271.96,7,2597.6,0,0.2040783838062798,Low,79.6
3,39,52.13,43.39,67.86,98.63,96.93,222.07,146.0,48.99,2437.0,244.08,3,2315.0,0,0.3317941761255826,Medium,66.8
244,39,46.88,49.9,57.43,107.5,72.29,166.42,155.35,72.78,2490.0,314.44,9,3300.0,0,0.34869790576265236,Medium,65.1
119,39,84.99,61.9,55.91,120.87,66.67,150.58,81.75,56.07,2692.0,267.22,7,2642.2,0,0.14880219147364576,Low,85.1
222,39,59.23,40.73,41.29,155.5,60.88,155.89,154.87,43.76,2777.0,268.12,4,3266.0,0,0.9009282326766045,High,9.9
269,39,39.55,46.94,37.77,93.3,135.61,275.01,160.32,45.92,3341.0,243.27,1,5016.8,0,0.42147572821846296,Medium,57.9
170,39,34.11,47.62,47.86,30.88,139.83,146.84,254.37,49.1,3280.0,289.27,3,2749.3,0,0.1483882222518874,Low,85.2
71,39,65.26,66.98,67.66,116.11,100.26,165.13,201.27,60.08,3122.0,275.4,6,3697.7,0,0.14653924865341444,Low,85.3
51,39,50.85,33.61,32.37,132.79,127.42,186.91,179.47,39.53,2287.0,220.15,1,4258.7,0,0.2552652030039553,Low,74.5
50,39,25.44,8.99,60.2,74.99,40.12,211.07,229.27,52.79,2858.0,272.25,2,5051.6,0,0.22060858745803394,Low,77.9
252,39,36.77,29.07,44.64,84.12,109.33,229.13,187.78,48.56,3255.0,236.32,2,4322.9,0,0.4908663003831265,Medium,50.9
190,39,48.94,45.78,79.71,155.84,65.62,209.19,159.68,44.13,3073.0,274.35,3,3190.6,0,0.3243495645240898,Medium,67.6
189,39,49.43,53.12,77.92,102.17,92.4,171.18,127.85,65.08,2565.0,285.85,4,3379.3,0,0.5710357267590691,Medium,42.9
188,39,66.93,100.0,74.73,54.7,73.05,99.7,122.69,76.15,1729.0,311.7,10,2101.3,1,0.6108301250960679,High,38.9
287,39,52.4,50.44,69.57,190.7,119.19,217.13,190.1,55.51,2849.0,271.48,1,3545.9,0,0.5281585429496782,Medium,47.2
49,39,78.27,100.0,84.97,105.37,46.59,210.87,134.88,84.46,2607.0,315.15,9,1286.2,0,0.13889217835660517,Low,86.1
70,39,62.59,59.08,51.04,90.49,79.81,184.05,152.17,63.48,2396.0,239.03,5,3181.4,0,0.4436607516765417,Medium,55.6
69,39,84.89,47.91,74.69,93.94,119.81,132.69,136.2,81.08,2131.0,323.41,8,3566.4,1,0.34528672877183797,Medium,65.5
171,39,37.9,7.63,59.86,122.06,115.92,184.39,149.29,49.57,2778.0,273.59,2,4763.7,0,0.17297066168576958,Low,82.7
281,39,92.23,49.76,74.76,73.62,75.67,171.24,194.49,54.75,2163.0,323.6,5,3542.2,0,0.2982552414581324,Low,70.2
169,39,40.35,30.09,64.29,95.95,111.46,177.57,189.35,63.34,3401.0,263.99,3,4190.1,0,0.34143536062377905,Medium,65.9
168,39,66.47,52.95,76.0,106.28,177.59,171.68,126.58,59.69,2550.0,283.09,8,2506.0,0,0.20671630885671305,Low,79.3
282,39,77.18,60.1,56.54,63.96,83.01,121.08,145.78,54.03,2443.0,286.89,3,4265.0,0,0.7773147687095369,High,22.3
68,39,32.0,54.28,47.18,94.85,141.44,216.0,196.57,44.18,2272.0,282.2,4,2835.8,0,0.9073545611267896,High,9.3
54,39,64.58,62.81,78.12,80.77,21.11,224.35,124.15,78.47,2094.0,305.18,3,3238.8,0,0.7634405810107334,High,23.7
53,39,71.27,56.87,72.31,115.16,102.28,98.26,177.24,52.68,2715.0,274.98,4,2674.0,1,0.5742499633320931,Medium,42.6
187,39,78.91,53.53,56.74,102.25,79.69,265.79,195.31,45.63,3045.0,266.96,4,3039.7,0,0.17546519061496668,Low,82.5
186,39,67.16,53.69,61.65,117.93,88.3,196.39,110.24,59.4,2594.0,292.13,6,2711.2,0,0.5034053685211283,Medium,49.7
185,39,85.56,70.74,80.15,88.04,90.1,121.58,139.46,68.19,2274.0,310.9,6,3527.0,0,0.16852455375514308,Low,83.1
184,39,63.38,67.36,71.41,112.52,77.95,166.71,157.22,61.8,3423.0,264.51,7,4016.3,0,0.49068040315727274,Medium,50.9
286,39,38.31,20.25,63.92,68.07,55.98,199.18,142.81,46.37,2779.0,278.38,8,4748.3,1,0.11674090300384433,Low,88.3
52,39,51.39,74.74,64.44,115.72,111.2,206.11,100.26,60.93,2869.0,293.71,3,2027.8,0,0.5527488973630577,Medium,44.7
251,39,42.49,43.52,26.61,127.26,79.06,127.86,180.61,42.6,2318.0,265.23,5,4374.7,0,0.313886534747614,Medium,68.6
43,39,47.67,40.83,91.46,28.1,90.84,206.42,192.63,64.58,2918.0,321.5,9,3576.2,1,0.12386695938833137,Low,87.6
42,39,75.45,31.78,73.93,101.88,59.12,271.52,258.88,54.77,2840.0,262.61,4,3489.6,0,0.497128455067215,Medium,50.3
77,39,44.97,35.32,58.01,42.87,113.95,113.22,143.79,55.94,2093.0,305.95,7,3057.9,0,0.30430367405655484,Medium,69.6
76,39,75.79,81.42,100.0,87.45,115.95,146.1,239.12,64.05,2590.0,300.98,3,4569.9,0,0.4953844319059816,Medium,50.5
258,39,60.1,87.66,94.31,102.74,83.16,197.64,105.14,78.01,2540.0,290.05,8,2875.6,1,0.24354986293860162,Low,75.6
164,39,37.21,46.71,43.78,119.66,103.84,197.17,151.61,58.45,2341.0,269.66,3,3658.9,0,0.5779624372839723,Medium,42.2
163,39,69.63,73.95,47.84,161.09,82.02,172.54,197.59,58.26,2529.0,268.28,4,3039.6,0,0.5806706828418602,Medium,41.9
162,39,40.32,30.81,53.48,115.77,118.4,240.7,168.21,44.01,2658.0,284.01,1,5553.4,0,0.538588002447909,Medium,46.1
75,39,45.11,55.33,45.09,87.45,76.06,235.08,182.42,54.91,1958.0,295.2,12,927.6,1,0.2513471586368903,Low,74.9
74,39,44.68,64.5,74.43,111.46,94.16,151.24,76.97,57.63,3080.0,286.53,1,2547.2,0,0.1521226242383043,Low,84.8
48,39,55.6,37.56,72.97,74.79,36.25,207.31,131.27,58.8,2270.0,305.76,8,2465.5,0,0.34673278298576704,Medium,65.3
47,39,90.71,68.64,81.46,156.19,66.44,153.43,87.63,68.61,2224.0,316.45,9,2861.9,0,0.3446933416209006,Medium,65.5
67,39,69.67,52.96,64.46,119.16,87.08,205.49,166.14,69.36,3078.0,262.42,7,3299.5,0,0.705773293140823,High,29.4
193,39,34.29,24.17,75.45,106.48,101.67,204.94,175.28,56.25,3222.0,266.42,2,4185.7,0,0.384935316713507,Medium,61.5
192,39,83.14,55.38,49.08,92.68,109.01,216.15,140.79,70.41,2436.0,331.55,6,3478.2,0,0.8986044815674253,High,10.1
191,39,78.56,89.43,70.28,44.18,67.63,166.55,189.08,68.86,2606.0,276.8,11,3445.5,1,0.24412428452259022,Low,75.6
288,39,46.73,84.32,68.0,163.53,111.52,184.43,190.75,51.03,3330.0,271.58,3,3630.7,0,0.4139613086539541,Medium,58.6
46,39,44.8,52.68,46.89,83.26,96.75,218.84,212.72,53.45,2903.0,252.3,3,6136.5,0,0.6191012062444696,High,38.1
73,39,82.05,56.26,73.29,64.79,96.61,163.08,143.0,61.6,2584.0,315.64,5,2673.1,0,0.5342228217526829,Medium,46.6
72,39,67.2,67.2,60.82,88.45,109.94,172.31,177.38,71.6,2829.0,288.23,2,2729.8,0,0.1496460679978449,Low,85.0
257,39,63.66,64.93,82.99,99.54,99.86,163.47,175.63,56.12,2191.0,276.07,5,1957.1,0,0.3962586988596183,Medium,60.4
167,39,40.67,44.78,54.93,109.3,119.32,228.0,208.48,52.88,2436.0,257.08,0,3757.9,0,0.8798318260945736,High,12.0
166,39,52.19,51.62,68.28,89.25,84.14,162.95,144.27,53.93,2778.0,265.4,4,4740.6,0,0.24684216568260445,Low,75.3
165,39,18.87,54.0,72.22,122.19,57.01,174.38,181.35,43.98,3041.0,278.52,2,3600.8,0,0.6546377017118762,High,34.5
176,39,60.92,21.12,76.06,135.86,106.79,198.89,113.55,61.11,2567.0,257.28,3,3642.0,0,0.6366248906818801,High,36.3
8,39,51.91,70.66,46.51,109.5,58.16,251.89,164.79,53.2,3195.0,279.07,3,1910.2,0,0.7424066615246794,High,25.8
241,39,63.12,39.55,53.01,109.87,48.86,185.11,151.48,33.5,2953.0,252.49,1,4471.7,0,0.3515348664844871,Medium,64.8
231,39,75.79,67.04,82.52,57.21,137.72,72.3,110.96,61.48,2304.0,286.49,4,2904.9,0,0.3643459259146485,Medium,63.6
230,39,49.84,80.08,78.63,39.2,87.94,186.03,99.24,73.37,2275.0,264.82,6,2312.6,0,0.12238644889549091,Low,87.8
229,39,36.7,66.7,50.54,93.19,109.84,189.43,139.28,54.79,2972.0,309.77,2,2595.1,0,0.18421529481862783,Low,81.6
297,39,51.71,43.19,22.62,78.99,141.3,189.15,146.15,50.0,3526.0,276.07,2,3841.5,0,0.5686669442177283,Medium,43.1
7,39,47.07,45.94,72.14,75.65,86.46,196.64,142.01,60.14,3098.0,268.9,1,3666.5,0,0.6106102355112486,High,38.9
64,39,62.14,70.81,80.45,102.44,90.24,155.46,117.3,58.58,2376.0,284.07,7,2215.1,1,0.15521100395174345,Low,84.5
63,39,58.04,30.82,73.13,65.84,99.89,220.18,200.27,52.53,2767.0,251.86,3,5121.6,0,0.2008336073096852,Low,79.9
255,39,69.32,41.65,72.57,71.95,114.04,171.47,125.83,54.45,2074.0,273.16,4,2590.5,0,0.5547470158821202,Medium,44.5
177,39,30.71,11.85,81.7,128.92,82.34,272.91,159.53,39.96,3239.0,220.36,4,4592.6,0,0.1261698625713725,Low,87.4
1,39,45.37,47.47,62.02,90.76,102.46,165.34,151.55,61.17,2475.0,217.73,4,3371.5,0,0.3841864717713988,Medium,61.6
9,39,56.18,46.3,55.09,140.17,97.14,322.51,181.84,48.98,2412.0,244.75,3,4956.1,0,0.22342167688082054,Low,77.7
175,39,64.6,87.15,80.45,77.64,48.93,152.48,156.42,60.45,2270.0,266.64,4,3261.6,0,0.14456211373276878,Low,85.5
284,39,38.6,42.98,53.06,130.41,75.26,252.51,204.75,39.45,2784.0,278.65,2,3853.4,0,0.3924146508419477,Medium,60.8
62,39,45.66,49.39,71.09,146.97,154.86,193.07,195.89,45.54,3454.0,240.53,2,4620.4,0,0.13043827211834683,Low,87.0
61,39,67.47,59.2,62.98,129.92,118.61,204.06,20.93,53.18,2420.0,289.99,9,1515.1,0,0.5875975912088106,Medium,41.2
60,39,87.98,93.52,66.27,91.11,68.2,204.44,120.29,68.31,2720.0,281.1,3,2152.3,1,0.27475317101386326,Low,72.5
254,39,56.81,25.89,41.68,122.52,79.3,234.52,178.46,50.69,3131.0,272.42,8,3392.4,0,0.19876755877847535,Low,80.1
180,39,79.2,86.86,74.41,111.83,92.11,137.25,166.25,74.67,1950.0,316.27,5,2585.7,1,0.12078615312488862,Low,87.9
179,39,67.56,51.77,49.07,110.36,108.25,124.59,178.99,56.0,2577.0,239.4,3,1870.6,0,0.1933434912439478,Low,80.7
178,39,54.2,47.88,76.52,96.87,73.64,212.73,209.79,64.88,3220.0,274.79,3,4259.0,0,0.1378746133324479,Low,86.2
59,39,29.79,44.79,43.09,127.54,103.08,185.15,161.91,47.57,2715.0,233.74,2,3170.9,0,0.577905681396706,Medium,42.2
58,39,38.56,49.74,52.26,70.25,80.41,203.89,119.95,64.57,2369.0,278.56,7,1878.8,0,0.5591203894239036,Medium,44.1
181,39,46.19,32.18,72.39,111.58,70.93,169.18,113.43,42.96,2808.0,231.95,1,4636.7,0,0.2909752850911003,Low,70.9
66,39,96.92,65.9,87.83,105.82,86.96,151.22,134.84,68.56,2191.0,279.65,9,2220.4,0,0.17529094564914868,Low,82.5
256,39,44.88,82.11,50.92,174.03,77.21,209.44,154.54,64.46,2620.0,263.07,2,3041.2,0,0.38058206293582153,Medium,61.9
174,39,98.76,75.21,24.86,99.15,61.14,128.93,196.28,62.51,2540.0,275.9,4,4589.5,0,0.2574606966334978,Low,74.3
173,39,18.95,16.82,71.84,136.61,57.36,185.66,249.17,46.77,2734.0,224.76,2,4950.3,0,0.7880184537435929,High,21.2
172,39,37.16,50.04,65.17,97.3,95.18,97.76,159.87,50.3,2849.0,272.12,3,3740.7,0,0.14721830864177254,Low,85.3
283,39,24.39,64.53,35.49,76.75,83.92,274.78,164.42,52.33,2113.0,312.06,4,1908.4,0,0.2929432484252269,Low,70.7
65,39,60.22,49.93,60.3,129.51,79.12,186.57,200.96,54.43,2204.0,269.22,5,3776.6,0,0.8500467912002267,High,15.0
57,39,48.88,72.63,66.23,121.85,58.5,170.88,133.07,69.19,2346.0,298.67,11,3400.1,1,0.6505373560054518,High,34.9
56,39,60.21,53.71,54.81,126.91,124.6,186.41,170.81,64.55,2912.0,243.36,1,3137.9,0,0.7922236346681928,High,20.8
253,39,57.6,62.77,79.94,126.33,122.52,159.49,28.1,42.65,2560.0,255.09,2,1899.3,0,0.5779499044586841,Medium,42.2
183,39,86.1,91.07,78.5,54.38,62.24,104.36,76.78,74.22,2000.0,316.74,6,2453.2,0,0.326665262454925,Medium,67.3
182,39,61.16,39.53,46.94,149.65,130.74,289.13,150.98,50.53,2453.0,264.39,4,4411.2,0,0.8948712178376074,High,10.5
194,39,78.6,44.46,57.71,119.42,74.67,196.82,212.52,56.38,1880.0,304.13,6,3209.0,0,0.5074801986116929,Medium,49.3
285,39,79.43,52.24,42.84,127.67,97.47,182.47,126.38,55.02,2542.0,288.81,4,3616.4,0,0.1710553268388429,Low,82.9
55,39,68.22,42.55,36.64,124.0,82.37,211.3,160.26,60.37,2548.0,240.09,3,1909.6,0,0.8740662976378932,High,12.6
115,39,51.58,43.57,51.89,116.48,75.41,113.81,215.53,57.44,2898.0,298.4,2,4123.8,0,0.7260321662478026,High,27.4
114,39,59.86,60.14,62.83,140.78,106.7,191.69,210.47,45.57,2549.0,272.27,5,3295.1,0,0.13964734449691227,Low,86.0
268,39,62.4,39.77,51.95,80.91,118.6,205.05,190.25,68.74,2662.0,245.8,5,3726.3,0,0.5013172610370721,Medium,49.9
126,39,44.0,31.12,78.67,132.19,59.99,217.78,149.32,57.6,2703.0,226.99,4,2048.7,0,0.7005062040858876,High,29.9
237,39,49.04,38.93,83.15,90.34,130.43,170.46,159.9,56.62,2263.0,291.16,5,3928.9,0,0.6493781495761104,High,35.1
125,39,60.11,91.58,66.27,106.09,115.76,150.57,163.65,59.44,2190.0,296.56,5,2769.8,0,0.3351467853153148,Medium,66.5
124,39,40.91,35.0,56.23,162.06,104.19,198.7,177.29,41.38,2819.0,242.83,3,3096.5,0,0.16576916092269808,Low,83.4
271,39,51.12,73.76,51.78,34.84,33.39,157.37,135.43,55.68,2434.0,264.97,4,2773.0,0,0.15929313368239872,Low,84.1
113,39,49.54,41.51,74.63,114.68,82.88,228.54,105.14,48.88,3123.0,282.03,4,3493.0,0,0.8773359245468106,High,12.3
30,39,100.0,75.6,60.92,66.59,133.27,182.78,124.11,65.94,2538.0,294.15,9,2781.3,0,0.20318748023945418,Low,79.7
148,39,78.71,84.83,78.48,92.74,65.97,143.6,151.08,69.63,2483.0,282.82,7,2962.6,1,0.17416704805753944,Low,82.6
147,39,63.0,44.17,50.67,142.84,76.12,166.0,157.14,48.17,2622.0,242.97,6,3355.4,0,0.32489423809288887,Medium,67.5
146,39,30.64,48.01,46.76,110.95,113.08,225.75,162.9,49.06,3190.0,242.01,3,5647.9,0,0.36781042556443827,Medium,63.2
91,39,58.9,58.27,68.2,108.2,118.85,155.8,116.35,56.62,2618.0,306.73,4,2920.9,0,0.880238551228108,High,12.0
90,39,44.17,46.1,68.3,135.47,129.08,185.44,182.4,42.97,2487.0,262.58,1,4059.3,0,0.16234344523579167,Low,83.8
32,39,53.52,75.13,81.36,69.71,60.07,193.2,193.83,49.83,2634.0,239.86,3,2157.0,0,0.45646501517079924,Medium,54.4
31,39,38.0,29.62,66.29,115.37,100.57,195.54,91.63,35.16,2847.0,259.85,1,3700.8,0,0.2967333127315144,Low,70.3
247,39,14.33,27.63,60.82,144.74,95.63,151.17,208.4,55.94,2990.0,248.15,3,4150.5,0,0.2341120632755555,Low,76.6
209,39,63.73,26.44,67.55,104.74,89.87,230.53,192.92,43.24,2775.0,253.93,4,2636.0,0,0.49211454433529794,Medium,50.8
208,39,36.65,33.88,47.06,80.66,109.85,216.03,165.88,42.9,2678.0,259.79,5,4818.8,0,0.20809206014230128,Low,79.2
207,39,49.43,62.18,58.09,118.34,80.18,144.55,150.12,55.61,2506.0,275.87,6,2598.4,0,0.34827374185158455,Medium,65.2
292,39,77.3,23.86,74.78,151.68,80.26,86.55,95.88,66.02,2348.0,259.19,4,2832.5,0,0.7360707544709993,High,26.4
262,39,75.44,81.4,87.93,111.89,71.12,134.92,147.76,81.82,2512.0,294.1,9,2015.0,1,0.21073381552501014,Low,78.9
89,39,75.21,52.6,100.0,117.23,68.1,132.8,122.71,80.59,2361.0,301.44,14,3209.4,1,0.7891545355013149,High,21.1
88,39,51.12,63.89,75.48,94.18,74.63,126.91,153.09,52.34,2507.0,285.19,4,3508.4,0,0.38586671551067103,Medium,61.4
261,39,35.19,36.44,51.56,146.97,90.69,212.66,144.65,44.75,2542.0,277.58,0,3684.6,0,0.19497107877765887,Low,80.5
151,39,56.06,68.04,69.32,134.43,80.09,138.48,182.03,59.55,2520.0,286.8,7,2911.1,0,0.4793463879324451,Medium,52.1
150,39,53.67,63.81,77.55,134.74,66.35,236.53,168.35,61.17,2151.0,245.27,9,2915.0,0,0.5317178565324433,Medium,46.8
149,39,48.81,71.86,60.84,102.72,77.55,89.88,128.94,57.73,2856.0,273.67,2,5234.8,0,0.23873353267399083,Low,76.1
277,39,39.01,54.43,32.4,45.98,82.39,204.87,200.7,52.97,3371.0,258.83,1,4433.6,0,0.14901465210123324,Low,85.1
87,39,48.69,84.39,68.1,108.48,98.59,169.73,148.59,65.46,2899.0,302.51,6,3168.7,0,0.2454708845454588,Low,75.5
35,39,45.62,50.55,65.46,81.7,95.53,203.95,183.11,56.5,2997.0,269.65,8,3401.6,0,0.1588246225430403,Low,84.1
34,39,37.92,13.66,46.05,135.34,91.21,166.48,171.31,52.41,2993.0,232.31,3,3344.5,0,0.12829237163686213,Low,87.2
248,39,45.03,86.18,78.08,135.96,119.35,163.3,111.53,55.51,2837.0,270.08,5,2612.9,0,0.6988072992637947,High,30.1
276,39,60.15,59.09,36.77,110.8,89.25,241.92,108.54,48.43,2801.0,260.68,5,2210.3,0,0.8033763820481107,High,19.7
245,39,61.39,70.51,46.1,75.6,77.25,180.15,174.13,69.64,2390.0,266.87,4,2758.8,0,0.7783694662399244,High,22.2
215,39,52.79,89.42,76.85,50.55,36.13,163.61,134.16,67.36,2397.0,313.69,11,2140.0,0,0.6708307263053915,High,32.9
214,39,50.26,52.9,37.7,118.24,62.45,226.27,177.19,48.6,2761.0,279.98,2,3607.3,1,0.18291074135835936,Low,81.7
213,39,52.23,67.24,79.01,50.26,101.39,201.26,207.21,68.54,2813.0,309.41,7,3002.0,1,0.712016557713373,High,28.8
293,39,57.85,40.78,76.04,118.74,100.46,126.28,142.17,49.24,2881.0,235.43,5,3507.6,0,0.6098190489967132,High,39.0
23,39,36.62,33.61,41.63,92.21,75.31,213.62,127.87,51.22,2613.0,282.91,3,3121.0,0,0.10745091005433069,Low,89.3
96,39,33.79,62.77,57.1,103.72,72.54,210.34,170.51,49.37,2666.0,251.84,5,3085.7,0,0.8933257582884326,High,10.7
95,39,52.77,44.72,36.91,103.23,78.44,223.44,207.84,48.66,2933.0,226.71,5,4126.3,0,0.16478626377078467,Low,83.5
263,39,71.74,44.15,55.69,132.54,117.85,128.11,83.84,62.88,2729.0,271.84,5,5087.1,0,0.21390462563628837,Low,78.6
145,39,62.91,48.32,48.19,115.43,35.06,128.18,121.7,41.84,2810.0,255.34,9,3075.5,1,0.22418321216176448,Low,77.6
144,39,59.74,56.66,70.79,147.76,35.8,145.84,125.59,67.77,2129.0,290.92,5,3777.2,0,0.4177827352966031,Medium,58.2
143,39,37.23,51.39,64.57,80.71,64.9,174.18,214.12,54.54,3127.0,286.46,6,3057.2,0,0.572834019380293,Medium,42.7
206,39,41.03,42.07,65.7,95.64,80.15,160.2,159.43,38.02,2640.0,273.59,3,3528.5,0,0.5948368174261117,Medium,40.5
94,39,71.39,31.36,65.57,146.19,75.6,165.58,220.32,52.83,3164.0,240.31,3,2508.7,0,0.17075805887282314,Low,82.9
29,39,56.01,43.89,88.72,125.43,85.64,232.79,159.98,56.84,2284.0,278.98,9,3573.1,0,0.15663946734335313,Low,84.3
28,39,66.95,57.8,83.5,62.24,107.14,89.33,164.43,72.41,2258.0,282.49,7,935.1,0,0.18857585032410498,Low,81.1
246,39,47.76,52.73,69.45,117.76,98.85,226.01,142.51,57.67,2865.0,242.53,4,1736.7,0,0.6883603554559918,High,31.2
212,39,41.77,35.39,39.65,66.74,103.1,169.57,126.8,47.34,2478.0,262.66,7,2740.8,0,0.7094545392867161,High,29.1
211,39,55.33,57.45,60.63,47.46,87.22,160.35,113.31,35.77,2519.0,296.09,1,3624.2,0,0.6358504370594837,High,36.4
210,39,67.68,72.1,60.67,120.28,51.49,140.91,173.94,58.2,2375.0,276.2,4,3227.6,0,0.3659767681164115,Medium,63.4
27,39,55.29,76.1,92.15,89.12,79.59,143.46,184.57,68.01,3008.0,277.09,6,1851.1,0,0.15977701720090778,Low,84.0
26,39,78.14,74.52,79.18,67.55,57.15,157.11,61.92,80.11,2951.0,305.68,8,4450.5,1,0.38842717538581417,Medium,61.2
93,39,43.4,65.61,61.96,167.88,79.1,186.81,154.43,53.59,3270.0,263.24,1,2758.3,0,0.5886663727011467,Medium,41.1
92,39,74.49,82.4,79.95,109.6,86.9,158.76,125.12,66.0,2437.0,306.17,3,1975.8,0,0.4226472954173156,Medium,57.7
79,39,41.78,19.56,73.8,110.81,104.85,230.46,147.99,47.93,2964.0,272.04,2,2736.8,0,0.31116596803460445,Medium,68.9
156,39,52.14,36.19,46.33,96.58,107.55,226.57,96.46,55.28,2722.0,318.1,0,2665.8,0,0.14028709050721,Low,86.0
279,39,52.61,35.74,55.58,157.54,122.97,151.8,138.09,44.41,3589.0,312.81,6,3554.6,0,0.20674505247304528,Low,79.3
81,39,63.04,46.81,75.21,79.05,77.77,86.95,159.64,74.28,2818.0,278.08,4,4870.1,0,0.3859676375317933,Medium,61.4
41,39,55.4,56.44,71.67,105.12,88.93,199.88,141.55,65.37,2884.0,239.81,8,3827.5,1,0.4120528981679585,Medium,58.8
40,39,52.37,43.68,69.57,126.71,109.72,181.22,144.74,55.66,3288.0,285.45,5,4870.5,1,0.27229359453448265,Low,72.8
249,39,67.89,42.86,69.59,121.11,65.92,81.84,168.54,68.62,2472.0,265.93,5,2173.7,0,0.5021186749876252,Medium,49.8
199,39,46.95,33.84,53.4,139.2,62.53,262.38,97.72,46.22,2496.0,261.1,3,3639.5,0,0.8942686586650385,High,10.6
198,39,58.05,75.35,32.27,142.85,109.5,157.66,213.72,42.58,2782.0,252.67,1,4028.3,0,0.5571358186790262,Medium,44.3
197,39,41.12,42.66,51.13,96.0,76.7,159.44,117.95,52.93,3218.0,270.8,4,3360.8,0,0.2271763784298901,Low,77.3
289,39,63.45,55.59,67.39,110.81,54.0,85.35,175.96,65.58,2739.0,239.01,3,3631.8,0,0.12268463198212996,Low,87.7
39,39,88.44,59.9,86.45,74.06,70.45,216.95,113.38,77.0,2432.0,298.99,6,3143.0,1,0.9098211843925499,High,9.0
80,39,84.61,55.44,98.55,59.13,71.87,151.51,134.54,69.38,2193.0,315.39,11,4189.4,1,0.5024906685504912,Medium,49.8
157,39,55.63,50.26,58.64,109.97,114.54,127.83,145.25,67.27,2260.0,285.36,4,2450.5,0,0.171429227775786,Low,82.9
259,39,68.62,66.26,90.29,66.71,102.31,162.68,114.84,58.48,2649.0,278.68,5,3538.2,0,0.4404204719055144,Medium,56.0
161,39,58.97,44.06,53.1,74.54,63.77,212.25,127.79,60.49,2827.0,287.34,5,2854.1,0,0.3797818826953204,Medium,62.0
160,39,62.97,44.65,37.54,149.85,110.38,255.86,150.23,54.34,2826.0,251.73,3,3930.8,0,0.19295741211439257,Low,80.7
159,39,33.62,63.66,61.06,97.8,112.45,242.21,140.88,48.58,2678.0,273.92,1,2905.9,0,0.5410267364849051,Medium,45.9
280,39,58.87,28.76,73.4,134.35,113.75,149.36,104.56,64.7,2852.0,289.62,7,3151.5,0,0.1431857464609864,Low,85.7
78,39,56.87,29.01,54.5,140.26,104.05,144.87,126.37,66.16,1984.0,293.87,6,3165.3,0,0.15908624489313247,Low,84.1
45,39,55.52,59.35,27.01,123.83,138.7,213.0,210.65,50.07,2902.0,287.76,1,3374.6,0,0.3956250721122027,Medium,60.4
44,39,50.35,41.82,55.21,90.2,121.42,158.31,102.47,42.79,3313.0,284.05,1,2188.5,0,0.179440401526085,Low,82.1
250,39,44.15,63.51,56.66,74.98,72.09,297.81,131.92,44.78,2561.0,284.79,7,4946.7,0,0.4822446457782651,Medium,51.8
196,39,60.09,35.87,66.29,121.84,111.27,212.37,220.94,61.74,2575.0,278.62,8,2719.0,1,0.25041885183922213,Low,75.0
195,39,77.99,86.12,82.02,84.4,91.28,210.22,168.1,54.37,2239.0,313.12,7,3230.1,1,0.4147235044660051,Medium,58.5
38,39,52.31,34.13,41.84,168.43,40.53,183.63,181.68,57.4,2775.0,311.11,2,3992.2,0,0.3775497464636789,Medium,62.2
205,39,98.36,84.51,76.76,106.75,102.13,81.09,185.38,73.11,2534.0,293.58,10,2732.9,1,0.1735757223736429,Low,82.6
204,39,23.67,43.5,30.41,161.06,50.79,108.97,242.18,46.53,2474.0,230.98,6,2806.7,1,0.5697037798946601,Medium,43.0
291,39,59.79,13.9,62.73,141.68,116.33,224.08,199.41,53.97,3014.0,240.9,1,2928.9,0,0.3048265302753903,Medium,69.5
33,39,66.34,62.23,58.06,65.67,97.17,160.62,177.98,63.17,2442.0,303.24,6,3398.2,1,0.5873891116567215,Medium,41.3
86,39,65.52,29.3,78.3,88.99,54.97,88.58,200.64,65.01,2705.0,294.33,5,2176.9,0,0.5339097211763625,Medium,46.6
85,39,53.48,65.69,70.1,142.02,87.84,154.85,199.76,55.24,2368.0,278.16,6,1795.4,0,0.3167958724083375,Medium,68.3
155,39,43.61,34.03,56.03,126.86,154.98,190.82,202.22,47.89,2699.0,279.16,2,3478.9,0,0.33847755772746724,Medium,66.2
154,39,50.59,45.12,41.46,76.77,89.41,168.03,157.88,51.18,3224.0,255.62,4,2630.1,0,0.15111325470249592,Low,84.9
153,39,58.37,59.91,66.76,115.76,71.3,199.32,200.53,51.91,2494.0,242.33,4,2538.0,0,0.39033238617301186,Medium,61.0
152,39,54.38,85.4,55.91,96.77,59.9,181.88,187.82,63.92,2693.0,301.4,7,2877.2,0,0.4317248246222713,Medium,56.8
278,39,45.62,65.54,76.13,115.46,82.43,201.36,127.87,60.5,2364.0,266.3,6,3353.4,1,0.15608454936249036,Low,84.4
84,39,83.06,53.84,77.98,173.02,129.23,186.76,208.33,57.48,2676.0,290.26,3,2448.6,0,0.20048737977564504,Low,80.0
24,39,45.48,68.74,51.38,58.62,87.36,182.56,158.21,65.25,2837.0,311.29,12,3902.3,0,0.4398426298972437,Medium,56.0
37,39,42.17,30.61,67.94,137.67,106.04,178.68,90.7,61.71,2205.0,277.35,4,5489.7,0,0.22931256136656494,Low,77.1
203,39,38.86,0.0,55.0,39.67,135.4,135.96,172.13,55.74,2630.0,261.22,4,4221.1,0,0.12083319853512105,Low,87.9
202,39,38.64,57.9,68.16,124.5,86.42,143.39,248.09,48.75,2881.0,252.75,3,4150.2,1,0.4602262454900731,Medium,54.0
201,39,81.15,52.32,49.46,82.62,113.42,205.44,142.12,53.2,2571.0,293.62,1,4857.5,0,0.3627344319217351,Medium,63.7
200,39,90.46,67.67,84.06,53.77,114.29,77.33,87.96,74.6,2097.0,310.69,9,1333.9,1,0.5376529203045183,Medium,46.2
290,39,62.18,61.44,60.87,66.82,111.45,132.07,120.87,48.04,2765.0,284.0,2,2617.1,0,0.6946786494049059,High,30.5
36,39,37.85,33.39,62.37,103.29,92.36,183.01,220.76,59.09,2645.0,227.31,4,3083.8,0,0.1487061277971609,Low,85.1
83,39,91.36,69.82,49.63,81.45,88.64,157.7,136.73,68.74,2904.0,313.03,5,3418.4,0,0.18471861708673057,Low,81.5
82,39,58.36,34.65,64.07,103.7,130.88,136.25,194.82,62.63,3248.0,285.16,5,3626.4,0,0.1592323337514042,Low,84.1
260,39,70.02,60.58,54.87,114.1,85.38,204.82,204.11,51.4,2766.0,254.4,3,2336.4,0,0.2033905445771789,Low,79.7
158,39,62.83,48.93,59.69,67.68,66.93,196.77,216.6,60.82,2927.0,236.35,7,3333.8,0,0.5617166842211175,Medium,43.8
